,id,aspect1,elevation1,slope1,fire
count,9918.0,9918.0,9918.0,9918.0,9918.0
mean,3142.362068965517,181.04033893604503,404.508166969147,18.88245105463955,1.0
std,2213.4506814497804,99.96058716675032,211.74917259396813,8.552943478486462,0.0
min,0.0,0.4373593330383301,32.0,0.0,1.0
25%,1239.25,107.25146484375,237.0,12.514403343200684,1.0
50%,2564.5,178.73625946044922,357.0,18.64646339416504,1.0
75%,5043.75,257.9001235961914,569.0,24.88032341003418,1.0
max,7523.0,360.0,924.0,64.82307434082031,1.0
